tipo	id	arbol	fecha_utc	lat	lon	datos	prev	hash
GEN	GEN-2026-10-03-0000		2026-10-03T00:00:00Z			nota=apertura del libro de la caja de arena;version=BA1	0000000000000000000000000000000000000000000000000000000000000000	0d0ad21b4e90be9e2a0e030db890b8d40af19360b174a1fcf2cd5c62b47b3f14
OBS	OBS-2026-10-03-X7YI		2026-10-03T22:34:35Z	10.47565	-64.16816	acc=3;per=25;ent=acera;est=sano;ame=poda_severa;fh=7206974be1234c5275231321e758279418955e6963a97c48ecafffede63d06d9;f_habito=0c290374e0e9d1d2bfd142d059917f724cf3a18c8a6c2fd241a46eefedb9f470;f_corteza=38e15c11209644cc67a7b85ace3216ba7bddab2d114324977f3ae63948e2a4e8;f_hoja=16410a02e47a868d2f424a8b5e350450211922502144ef606f4e1c7537357027	0d0ad21b4e90be9e2a0e030db890b8d40af19360b174a1fcf2cd5c62b47b3f14	08c0dd96796da7e5d0a36eb6b8a751848d006ef993bce143b9c690972e147e1a
OBS	OBS-2026-10-03-0ZSG		2026-10-03T22:36:28Z	10.47565	-64.16816	acc=3;per=50;ent=acera;est=deteriorado;ame=poda_severa;fh=013b86ae9017597834ebf5f9d57091e48dcee1ad7c903f0a7e1ca53a1f0f1c8a;f_habito=295d7b4793748af40daf287f21f6573ee1a826bf875cd02dfc3271b2df0509ca;f_corteza=91df81fed89c99dc3401cc4a59b3873f8f49a419a77f126c4de9757efbfb87b4;f_hoja=68b861355863d0ff9ddec9a7a1bde6f81ba8ccc2766b62271a766aa3a83bc3ad	08c0dd96796da7e5d0a36eb6b8a751848d006ef993bce143b9c690972e147e1a	7c8743603e65819d6704c6dddc0cbfcc45c65124fd9d543e8e972d61383c1144
OBS	OBS-2026-10-03-G7E8		2026-10-03T22:42:26Z	10.47390	-64.16853	acc=39;ent=acera;est=sano;fh=e3d0ad675bb81b8598d0b0da29f0e4a74dd84e0bdf193ddc31cf4cdbf753086a;f_habito=ce037826c14f293315176ae377d2c5dfbb3667fe2cf07084dca71c3892577438;f_corteza=765d4c1db1bb01529efb738dabe59512d7de59cc937d76274e7d860a0df7c145;f_hoja=ba54401e19e9f35fd36aff9620c87e00b729992a350af46ec172682e92aac4e3	7c8743603e65819d6704c6dddc0cbfcc45c65124fd9d543e8e972d61383c1144	b0d73f52aafccd789aac8f429fe4ff2504ba991af54f14b2e6fb44d751831de7
OBS	OBS-2026-10-03-8CR9		2026-10-03T22:54:28Z	10.47388	-64.16815	acc=22;ent=parque;est=sano;fh=e770b75e98b2d02eac6e6b7e331265277eb92e64e8e50d2fd9599d933f940812;f_habito=ea1ba28656a317cf9a53d5fd0986be8220e690d48281cf2303168e3029b52414;f_corteza=301a4ada660f5a5679c0f8be1adafa625312ca56bb9604e0cbc724476e71199a;f_hoja=a3273d783ff4dd730c566b99113b02d28ca02754d23f19871322b329600b7c38	b0d73f52aafccd789aac8f429fe4ff2504ba991af54f14b2e6fb44d751831de7	9326e36088d61f19031f99b04509c85c7711d833e17dfd5184366ba4b1a3395c
OBS	OBS-2026-10-04-VGXY		2026-10-04T04:21:46Z	10.47556	-64.16798	acc=19;per=3;ent=patio;est=sano;fh=7da28f2c41daef1873732c850e0ac7fc21977b9a4d6d2a250427b7677ad46dcf;f_habito=50ffc088fc5a1d5832f8bdd00d0c937b7537ff166d40cfaf8ced824c135f324e;f_corteza=71a6b47f42e19c2e774db6ce835e7587644ddfe5d404280b037686b2db5d6020;f_hoja=d0890e4ca1c3e9cc9b01028515bcc9dd16d794768659a434898699f035eb8807	9326e36088d61f19031f99b04509c85c7711d833e17dfd5184366ba4b1a3395c	ce0137a1bbe814dcef90fd8af9d8c4571924a2bf2c1c54888d7de984fc376aac
OBS	OBS-2026-10-04-W90R		2026-10-04T05:13:39Z	10.47554	-64.16795	acc=22;ent=patio;est=enfermo;fh=c56f7447edad087747e2df0e09c5e03e2b085192d2431695183244501cfbf122;f_habito=6d93873559c06fb4d784969d713fdb6fb2617c75b6a51137388cfe72a88b9b3b;f_hoja=2f3b0b428dfabb88a3e5a3d86ed3952cd9199cc388cf99abe231d926f253849f;f_corteza=0d10b0b3477f4afdab6593515561a67888cc19366db6c3be8bdd22a448c571c6	ce0137a1bbe814dcef90fd8af9d8c4571924a2bf2c1c54888d7de984fc376aac	aff56038379e6fafe1dbdcc814ca35e94d0747e2e1dbefa4f461b0a5c9c384ab
DET	DET-2026-10-04-5N25	OBS-2026-10-04-W90R	2026-10-04T05:26:56Z			obs=OBS-2026-10-04-W90R;taxon=Dracaena;rango=genero;score=0.778;fuente=plantnet;regla=0.7/2x;por=R. Contreras	aff56038379e6fafe1dbdcc814ca35e94d0747e2e1dbefa4f461b0a5c9c384ab	2db9dfcca2b2548628603b6a81c479922a8c554429772952957fe21274b6df42
DET	DET-2026-10-04-0CZK	OBS-2026-10-03-X7YI	2026-10-04T06:27:06Z			obs=OBS-2026-10-03-X7YI;taxon=Adonidia merrillii;rango=especie;score=0.894;fuente=plantnet;regla=0.7/2x;por=R. Contreras	2db9dfcca2b2548628603b6a81c479922a8c554429772952957fe21274b6df42	3c1f86ef9774e6bdcc846225e51b457ea5bdc8c9f6f10182cdea1a9a803d0461
DET	DET-2026-10-04-ZTB8	OBS-2026-10-03-G7E8	2026-10-04T06:27:44Z			obs=OBS-2026-10-03-G7E8;taxon=Codiaeum variegatum;rango=especie;score=0.896;fuente=plantnet;regla=0.7/2x;por=R. Contreras	3c1f86ef9774e6bdcc846225e51b457ea5bdc8c9f6f10182cdea1a9a803d0461	5fb7acb0bec2e978df6410d56b0cd3be25fac470c25b1c063666bd240c2ef3ce
DET	DET-2026-10-04-WKQJ	OBS-2026-10-03-8CR9	2026-10-04T06:28:33Z			obs=OBS-2026-10-03-8CR9;taxon=Opuntia;rango=genero;score=0.591;fuente=plantnet;regla=0.7/2x;por=R. Contreras	5fb7acb0bec2e978df6410d56b0cd3be25fac470c25b1c063666bd240c2ef3ce	77f8309259eb0f69cc416bb209592d4251d27bd9f385a27faf83bf90b799f02f
DET	DET-2026-10-04-KJXV	OBS-2026-10-04-VGXY	2026-10-04T06:29:05Z			obs=OBS-2026-10-04-VGXY;taxon=Persea americana;rango=especie;score=0.987;fuente=plantnet;regla=0.7/2x;por=R. Contreras	77f8309259eb0f69cc416bb209592d4251d27bd9f385a27faf83bf90b799f02f	4f3ed0e40ca3c4926dd45d2718232be50c5ce98786db143e529672efe716b08f
DET	DET-2026-10-04-QHYZ	OBS-2026-10-03-0ZSG	2026-10-04T06:31:03Z			obs=OBS-2026-10-03-0ZSG;taxon=Ficus;rango=genero;score=1.030;fuente=plantnet;regla=0.7/2x;por=R. Contreras	4f3ed0e40ca3c4926dd45d2718232be50c5ce98786db143e529672efe716b08f	3dbfc0b45bd5ef006f05bffbcc81dbb3da95872d0f821db9b06f4a8da5e1d43f
COR	COR-2026-10-05-5T2Z	OBS-2026-10-03-X7YI	2026-10-05T15:49:23Z			obs=OBS-2026-10-03-X7YI;habito=palma;motivo=en la foto de hábito: un solo estípite con corona de hojas pinnadas;por=R. Contreras	3dbfc0b45bd5ef006f05bffbcc81dbb3da95872d0f821db9b06f4a8da5e1d43f	55ead42ba7f96f3d727cd1d23e4df2a78832ed6c11b7889afcf85e7dd38494c8
COR	COR-2026-10-05-GULX	OBS-2026-10-03-0ZSG	2026-10-05T15:49:23Z			obs=OBS-2026-10-03-0ZSG;habito=fuste;motivo=en la foto de hábito: un solo tronco leñoso, que ramifica por encima de la base;por=R. Contreras	55ead42ba7f96f3d727cd1d23e4df2a78832ed6c11b7889afcf85e7dd38494c8	11abf08c4dc7962765ca747c7f19cb665ef11b39543912e26ff5206d2a088f2f
COR	COR-2026-10-05-GDY5	OBS-2026-10-03-G7E8	2026-10-05T15:49:23Z			obs=OBS-2026-10-03-G7E8;habito=arbustivo;motivo=en la foto de hábito: leñoso y ramificado desde el suelo;por=R. Contreras	11abf08c4dc7962765ca747c7f19cb665ef11b39543912e26ff5206d2a088f2f	f825bdec2d82ffb49be353937938d7c3d4be5186493d5555441cef84da87914f
COR	COR-2026-10-05-4UHT	OBS-2026-10-03-8CR9	2026-10-05T15:49:23Z			obs=OBS-2026-10-03-8CR9;habito=suculento;motivo=en la foto de hábito: tallos carnosos (cladodios), sin tronco leñoso;por=R. Contreras	f825bdec2d82ffb49be353937938d7c3d4be5186493d5555441cef84da87914f	243dd4230debf9404d1cc712427e57583ebba8ad0bb9764cf330f0389ccd34ac
COR	COR-2026-10-05-OFQQ	OBS-2026-10-04-VGXY	2026-10-05T15:49:23Z			obs=OBS-2026-10-04-VGXY;habito=fuste;motivo=en la foto de hábito: un solo tronco leñoso el tamaño no entra en el criterio;por=R. Contreras	243dd4230debf9404d1cc712427e57583ebba8ad0bb9764cf330f0389ccd34ac	cd0909597226df1bab740bf0fb3829d538b9f96c6fe05d4fd386cf8d40646c88
COR	COR-2026-10-05-LI5N	OBS-2026-10-04-W90R	2026-10-05T15:49:23Z			obs=OBS-2026-10-04-W90R;habito=sin_tronco;motivo=en la foto de hábito: hojas desde la tierra, sin tronco;por=R. Contreras	cd0909597226df1bab740bf0fb3829d538b9f96c6fe05d4fd386cf8d40646c88	b7f665144f1f09d7f7275d2deeeb02bc3a0896e3a52a721ea905a754137e6e06
NOM	NOM-2026-10-05-XWCG		2026-10-05T15:49:23Z			taxon=Codiaeum variegatum;rango=especie;comun=croto;donde=Cumaná;fuente=uso local;por=R. Contreras	b7f665144f1f09d7f7275d2deeeb02bc3a0896e3a52a721ea905a754137e6e06	afaee4001c465d1286b49e59f3186f0eb693db6d20a07072b61c697c0962bd41
NOM	NOM-2026-10-05-5S3Q		2026-10-05T15:49:23Z			taxon=Persea americana;rango=especie;comun=aguacate;donde=Cumaná;fuente=uso local;por=R. Contreras	afaee4001c465d1286b49e59f3186f0eb693db6d20a07072b61c697c0962bd41	0a3713b9ef29a148ff12b8b5ad723fd0b41d2eaa520e1a063d2501c9328990f1
NOM	NOM-2026-10-05-5DLO		2026-10-05T15:57:31Z			taxon=Opuntia;rango=genero;comun=tuna;donde=Cumaná;fuente=uso local;por=R. Contreras	0a3713b9ef29a148ff12b8b5ad723fd0b41d2eaa520e1a063d2501c9328990f1	bb8d2f339625ddf62239a8d639b55d49b30c576aeca21323cf8f6c0a3ea5f880
